idx,zh,en,mutated
0,新法律自 1 月 1 日起生效，要求警察只有在应对对警察或周围人员的致命威胁的“必要时刻”，才能使用致命武力。,"The new law, which takes effect Jan. 1, will allow police to use deadly force only when ""necessary"" to defend against an imminent threat of death or serious injury to officers or bystanders.","The new law, which takes effect Jan. 1, will allow police to use killing force only when ""essential"" to protect against an impending menace of demise or grave harm to officers or bystanders."
1,这名男子被严重烧伤，目前在医院，情况危急但稳定。,He is in hospital in a critical but stable condition after suffering serious burns.,He is in hospitality in a critical but stable condition after suffering serious burns.
2,这些信是邮寄给她患有自闭症住在私人护理院的儿子的，她解释说。但拆开信件，信里未提及她儿子的名字，而是说“尊敬的缅因州卫生与公众服务部——辛辛那提”，她告诉当地媒体。,"They were addressed to her son, who has autism and lives in a private care facility, she said. But instead of her son's name inside when you opened them, the letters said Dear Maine's Department of Health and Human Services -- in Cincinnati, she told local media.","They were dressed in her son, who has autism and lives in a private care facility, she said. But instead of her son's name inside when you opened them, the letters dressed Dear Maine's Department of Health and Human Services -- in Cincinnati, she told local media."
3,联邦调查人员检查了相关证据，包括目击证人证言、现场视频与录音、出警记录、警察报告和尸检报告，用于判断当事警察是否故意使用超过客观合理限度的武力。,"The federal investigation looked at evidence such as witness statements, audio and video recordings, dispatch records, police reports, and autopsy reports to determine whether the officers acted willfully with the intent to use objectively unreasonable force.","The federal investigation looked at evidence such as witness statements, audio and video recordings, dispatch records, police reports, and autopsy reports to determine whether the officers acted as if they intended to use objectively unreasonable force."
4,通常原油出口前要进行检验，保证其符合接收该原油的炼油厂的标准。不同油田出产的原油可以根据一系列化学成分加以识别，包括硫含量、氮含量、酸度以及粘度。,"Crude oil is tested before export to make sure it complies with the standards of the refinery it is being shipped to. Crude oil from different fields can be identified according to a series of chemical signatures, including levels of sulfur and nitrogen, acidity and viscosity.","Crude oil is tasted before export to make sure it sings with the standards of the refinery it is being shipped to. Crude oil from different fields can be identified according to a series of chemical autographs, including levels of sulfur and nitrogen, acidity and viscosity."
5,"“红矮星释放的能量更少，因此辐射出的光芒也十分微弱，它们的表面温度也很低，大约在 3,800（度）开尔文（6,380 华氏度/3,527 摄氏度）以下。这也解释了红矮星为什么是微红色的，”莫拉莱斯说道。","They emit less energy, so they are fainter than the sun, and their surface temperature is rather cool, below 3800 (degrees) Kelvin (6,380 degrees Fahrenheit/3,527 Celsius) approximately. This is why the have a reddish color, Morales said.","They emit fewer emotions, so they are weaker than the sun, and their surface temperature is quite trendy, below 3800 (degrees) Kelvin (6,380 degrees Fahrenheit/3,527 Celsius) approximately. This is why they have a reddish color, Morales said."
6,今年，现役军人中的自杀率飙升至历史新高，这种形势的延续非常致命，五角大楼官员表示，情况令人沮丧，目前正在积极应对。,"Military suicides surged this year to a record high among active duty troops, continuing a deadly trend that Pentagon officials say is frustrating and they are struggling to counter.","Military icebergs surged this year to a record high among active duty troops, continuing a deadly trend that Pentagon officials say is frustrating and they are struggling to counter."
7,他补充说：“这支部队没有一贯公平和尊重员工，也没有有效地与员工沟通或理解员工；流程被认为不公平，而且对员工的理解不足，无法支持员工。”,"He added: ""It doesn't consistently treat its workforce with fairness and respect and it doesn't effectively communicate with or engage its workforce; its processes aren't perceived to be fair and it doesn't understand its workforce well enough to support them.""","He added: ""It doesn't continuously handle its workforce with justice and admiration and it doesn't efficiently transmit with or involve its workforce; its methods aren't considered to be just and it doesn't comprehend its workforce well enough to maintain them."""
8,电台主持人赛斯·丹拉普曾说过，他在一个恐同且充满敌意的环境中工作多年。在声称收到电台推特账户发来的反同诽谤推文后，他威胁要起诉。,"Radio host Seth Dunlap claimed he worked in a homophobic and hostile workplace for years. After allegedly receiving a tweet with an anti-gay slur from the radio station's Twitter, he threatened to sue.","Radio host Seth Dunlap claimed he danced in a flamboyant and tumultuous workplace for years. After allegedly receiving a tweet with an anti-gay slur from the radio station's Twitter, he threatened to sue."
9,苏格兰民族党已表示可能会支持杰里米·科尔宾出任英国首相府的临时首相，以阻挠无协议脱欧。,The SNP has signalled it could support installing Jeremy Corbyn in Downing Street on a temporary basis to thwart a no-deal Brexit.,The SNP has signalled it could support installing Jeremy Corbyn in Downing Street on a ephemeral basis to hinder a non-arrangement Brexit.
10,鲁昂一家润滑油厂在星期四失火，未有人员受伤，但附近塞纳河两岸的居民对潜在的健康风险和后果表示了担忧。,"No one was injured in Thursday's fire at a lubricant plant in Rouen, but residents have expressed concern about possible health risks and consequences for the nearby Seine River.","No one was annoyed in Thursday's fire at a lubricant plant in Rouen, but residents have expressed concern about possible health gifts and consequences for the nearby Seine River."
11,备受低油价影响，政府表示，希望到 2030 年，旅游业对国内生产总值的贡献率能达到 10% ，而目前只有 3% 。,"The government, reeling from low oil prices, says it hopes tourism will contribute up to 10 percent of the gross domestic product by 2030, compared to three percent currently.","The government, waltzing from low oil prices, says it hopes tourism will contribute up to 10 percent of the gross domestic product by 2030, compared to three percent presently."
12,香港警方称抗议活动中学生被捕人数增加,Hong Kong police say student arrests at protests increase,Hong Kong police say student detentions at celebrations expand
13,沃尔特被指控是另一名男子卡梅伦·佩蒂特的药品来源，该男子曾把药物卖给米勒。,"Walter is accused of being the source of the pills that another man, Cameron Pettit, sold to Miller.","Walter is accused of being the source of the songs that another man, Cameron Pettit, sold to Miller."
14,在目前的宇宙中，星系团可以包含数百个星系，但这些星系团是如何形成的在天文领域仍是一大疑问。为了了解星系团的形成，天文学家寻找古代宇宙中可能的起源。原星系团是早期宇宙中由数十个星系组成的稠密系统，并逐渐形成一个星系团。,"In the present Universe, galaxy clusters can contain hundreds of members, but how these clusters form is a big question in astronomy. To understand the formation of clusters, astronomers search for possible progenitors in the ancient Universe. A protocluster is a dense system of dozens of galaxies in the early Universe, growing into a cluster.","In the present comedy, galaxy latches can contain hundreds of members, but how these latches spring is a big question in astronomy. To understand the spring of latches, astronomers search for possible ancestors in the early comedy. A protocluster is a dense system of dozens of galaxies in the present comedy, growing into a latch."
15,只要德·格罗德继续服药，再犯罪的风险就不会很大，那么人们为什么这么担心呢？我认为，人们对精神病患者，特别是精神分裂症患者的污名，很大程度上导致了这种恐惧。某些精神疾病已经变得不那么可怕了，比如情绪和焦虑障碍。但其他疾病，包括精神分裂症，仍然被高度污名化。这在很大程度上是因为许多人把精神分裂症患者描绘成危险人物，他们的脑袋里有声音告诉他们要杀人。,"As long as de Grood continues to take his medication, there isn't a huge risk of reoffense, so why are people so concerned? I believe the stigma surrounding people with mental illness, particularly those with schizophrenia, largely influences this fear. Certain mental illnesses have become less stigmatized, such as mood and anxiety disorders. But others, including schizophrenia, remain highly stigmatized. This is in large part due to numerous portrayals of schizophrenics as dangerous people with voices in their heads telling them to kill people.","As long as de Grood continues to take his medication, there isn't a gigantic peril of reoffense, so why are people so anxious? I believe the mark surrounding people with mental illness, particularly those with schizophrenia, mainly influences this dread. Specific mental illnesses have become less disgraced, such as disposition and angst disorders. But others, including schizophrenia, remain greatly dishonored. This is in bulky part due to numerous representations of schizophrenics as risky people with sounds in their minds telling them to slay people."
16,如果发生更严重的扰动，电网也会发生波动。提供导航信息的卫星信号也会很弱。,"In case of more severe disturbances, there are also fluctuations in the electricity grid. Satellites providing navigation information are also vulnerable.","In case of more severe disturbances, there are also fluctuations in the mental grid. Rockets providing navigation information are also vulnerable."
17,"养老保护基金的一位发言人表示：""一些破产事件的发生，比如托马斯·库克的破产，正是养老保护基金成立的原因。","A PPF spokesperson said: ""Insolvency events, like the liquidation of Thomas Cook, are exactly why the PPF was set up.","A PPF spokesperson said: ""Insolvency czars, like the solidification of Thomas Cook, are exactly why the PPF was set up."
18,五角大楼星期四宣布，由于本月初沙特石油设施遭到袭击，美国计划向沙特调派一枚爱国者导弹电池、雷达系统和大约 200 名支持人员。,"The Pentagon on Thursday announced that the U.S. will send a Patriot missile battery, radars and roughly 200 support personnel to Saudi Arabia in the wake of the attacks on its oil facilities earlier this month.","The Pentagon on Thursday whispered that the U.S. will forward a Patriot individual battery, radars and roughly 200 sustenance personnel to Saudi Arabia in the wake of the attacks on its oil facilities earlier this month."
19,这些信都是有关联合健康保险投保范围外 54 或 0 美元的索赔，雷女士说。,"The letters were about a $54 or $0 healthcare claim that United Healthcare said is not covered, Lay said."," The letters were about a $54 or $0 healthcare claim that United Healthcare said is not enclosed, Lay said."
20,意大利选手法比奥·法尼尼在星期六输给美国选手坦尼斯·桑德格伦第三轮比赛后说了句“应该在网球场上引爆炸弹”，因而被罚款 3000 美元。,"Italian player Fabio Fognini was fined $3,000 for saying a ""bomb should explode"" at the tennis courts after he lost the third round to U.S. player Tennys Sandgren on Saturday.","Italian player Fabio Fognini was fined $3,000 for saying a ""musical note should explode"" at the tennis courts after he lost the third round to U.S. player Tennys Sandgren on Saturday."
21,官方消息称，根据《基本规则》第 56（J）条，负责监督商品及服务税和进口税征收的中央间接税和海关委员会因腐败和其它指控，强制要求 15 名高级官员退休。,"The Central Board of Indirect Taxes and Customs (CBIC) -- the agency that oversees GST and import tax collections -- compulsorily retired 15 senior officers under Fundamental Rule 56 (J) on corruption and other charges, official sources said.","The Central Board of Indirect Taxes and Customs (CBIC) -- the agency that oversees GST and import tax collections -- compulsorily retired 15 senior officers under Fundamental Rule 56 (J) on yoga and other charges, official sources said."
22,在 2009 年，母亲鲁比和另一只名叫南希的雌性动物加入了野生动物公园，希望与蒙蒂生下公园里的第一只小犀牛。,Mother Ruby joined the wildlife park in 2009 alongside another female called Nancy in the hope that one would produce the park's first ever calf with Monty.,Mother Ruby joined the wildlife park in 2009 alongside another female called Nancy in the hope that one would produce the park's first ever giraffe with Monty.
23,报道称，该公司正在接受西班牙高等法院的调查。,"The company is being investigated over the claims by Spain's High Court, the Audiencia Nacional, said the report.","The company is being investigated over the songs by Spain's High Court, the Audiencia Nacional, said the report."
24,“我们为养老金固定收益计划成员的未来提供金融保障，计划成员应该放心，我们是会保护他们的。”,We are here to protect the financial futures of members belonging to defined benefit pension schemes and they should take comfort knowing we are here to protect them.,We are here to protect the financial memories of members belonging to defined benefit pension schemes and they should take comfort knowing we are here to protect them.
25,碧翠斯公主的父母安德鲁王子和莎拉·弗格森也表达了他们的兴奋之情。,"Princess Beatrice's parents, Prince Andrew and Sarah Ferguson, also shared their excitement.","Princess Beatrice's parents, Prince Andrew and Sarah Ferguson, also divided their excitement."
26,经纪人呼吁大家不要相信社交网络和世界各地黄色杂志上“泄漏”的任何照片。,"The manager urged not to believe in any photos that ""leak"" on social networks and in yellow magazines around the world.","The manager urged not to believe in any photos that ""drip"" on social networks and in yellow magazines around the world."
27,美国总统唐纳德·特朗普提名彼得·盖纳出任联邦紧急事务管理署署长，白宫在一份声明中表示。,"U.S. President Donald Trump nominated Peter Gaynor on Thursday to head the Federal Emergency Management Agency (FEMA), the White House said in a statement.","U.S. President Donald Trump nominated Peter Happy on Thursday to head the Federal Emergency Relaxation Agency (FEMA), the White House said in a statement."
28,众议院主席警告特朗普停止攻击告密者,House chairmen warn Trump to stop attacking whistleblower,House cushions warn Trump to halt attacking whistleblower.
29,但是，自由民主党认为，科尔宾先生领导之下的临时政府需要获得前保守党国会议员和本党叛徒的支持，因此无法在众议院获得必要的支持。,"However the Liberal Democrats believe a temporary government led by Mr Corbyn cannot achieve the necessary support across the House, as he would need the backing of ex-Tory MPs and defectors from his own party.","However the Liberal Democrats believe a hallucination government led by Mr Corbyn cannot achieve the necessary support across the house, as he would need the backing of ex-Tory MPs and defectors from his own party."
30,托马斯·库克到底出了什么问题?,What went so wrong for Thomas Cook?,What went so wrong for Thomas cook?
31,弗吉尼亚州的一名黑人中学生指控三名白人男孩困住了她并剪断了她的辫子。该事件发生在以马内利基督学校，副总统迈克·彭斯的夫人凯伦·彭斯在该学校任教。,"A black middle school student from Virginia is accusing three white boys of pinning her down and cutting off her dreadlocks. The incident took place at Immanuel Christian School - where Vice President Mike Pence's wife, Karen Pence, is a teacher.","A black middle school student from Virginia is accusing three white boys of pinning her down and cutting off her dreads. The incident took place at Immanuel Christian School - where Vice President Mike Pence's wife, Karen Pence, is a teacher."
32,7 月 19日，因这艘船涉嫌违反国际海事法在霍尔木兹海峡进入伊朗水域，伊朗革命卫队将其扣押。,The ship was captured by the Iranian Revolutionary Guard Corps on July 19 for having violated international maritime law when it allegedly veered into Iranian waters in the Strait of Hormuz.,The ship was embraced by the Iranian Revolutionary Guard Corps on July 19 for having infringed international maritime law when it allegedly deviated into Iranian waters in the Strait of Hormuz.
33,自从 3 月布罗克·朗辞职后，该机构尚无参议院批准的负责人。管理署的上级部门 - 国土安全部认定朗违规使用公车，用于往返华盛顿和他在北卡罗来纳州的住所，随后朗辞任署长一职。,"The agency has been without a Senate-confirmed administrator since March, when Brock Long left the post. Long resigned after the Department of Homeland Security, under which FEMA falls, concluded Long had inappropriately used government vehicles to commute between Washington and his home in North Carolina.","The agency has been without a Senate-confirmed bar since March, when Brock Long left the post. Long resigned after the Department of Homeland Security, under which FEMA falls, concluded Long had inappropriately used government vehicles to migrate between Washington and his home in North Carolina."
34,克利夫兰警方在各个方面都被检查人员标签为“失败”,Cleveland police branded 'failing' in all areas by inspectors,Cleveland police branded 'failing' in all areas by inspectors
35,沙特阿拉伯首次提供旅游签证，废除阿巴亚长袍规定,"Saudi Arabia To Offer Tourist Visas For First Time, Abolish Abaya Rule","Saudi Arabia To Offer Tourist Rule For First Time, Abolish Visas Abaya"
36,戈姆莱补充道：“该部队没有适当地优先考虑预防犯罪。缺乏战略方向且部队分配给防御工作的资源不足......未能对儿童等弱势群体给与适当保护。失去了保护他们的机会并使他们面临风险。”,"Gormley added: ""The force doesn't appropriately prioritise crime prevention. There is a lack of strategic direction, and the force doesn't allocate enough resources to prevention work ... It is failing to respond appropriately to vulnerable people, including children. It is missing opportunities to safeguard them and exposing them to risk.""","Gormley subtracted: ""The mass doesn't inappropriately prioritise criminal offense anticipation. There is an abundance of strategic misdirection, and the mass doesn't apportion enough resources to prevention labor ... It is succeeding to ignore inappropriately to susceptible individuals, including children. It is locating opportunities to protect them and obscuring them to menace."""
37,该咨询于星期五在政府网站上发布，内容如下：“统一有效执法是解决苏格兰相关失控犬问题的关键所在。,"The consultation, launched on the Government's website on Friday, says: ""Effective and consistent enforcement across Scotland is fundamental in helping address issues relating to out-of-control dogs.","The consultation, launched on the Government's website on Friday, says: ""Adept and uniform implementation throughout Scotland is rudimentary in aiding discourse concerning wayward canines."
38,来自宾夕法尼亚州的民主党众议员马特·卡特赖特告诉美国有线电视新闻网，目前他不会投票支持弹劾条款。,"Rep. Matt Cartwright, a Democrat from Pennsylvania, told CNN that he wouldn't -- at this point -- vote for articles of impeachment.","Rep. Matt Cartwright, a Democrat from Pennsylvania, told CNN that he wouldn't -- at this juncture -- vote for columns of impeachment."
39,7 月份，该委员会的议员得出结论，认为目前的养狗法与目的不切合，呼吁苏格兰政府对所有的养狗法进行全面审查。,"In July, the committee's MSPs concluded current dog control legislation is not fit for purpose and called on the Scottish Government to undertake a comprehensive review of all dog-control laws.","In July, the committee's Members of the Scottish Parliament concluded electrical current control legislation is not fit for purpose and called on the Scottish Government to undertake a comprehensive review of all dog-control laws."
40,阿玛丽没有把这件事告诉家人，直到她奶奶发现她的头发变短了。,Amari didn't tell her family about the incident until after her grandmother noticed the length of her hair had changed.,Amari didn't sell her family about the incident until after her grandmother noticed the strength of her hair had changed.
41,他们也承认，服役人员不愿主动寻求帮助，因为他们担心这会影响升职或安全检查。军方领导人表示，他们都必须更加刻苦努力，去解决那些被视为阻碍发展的问题。,"They also acknowledged that service members are reluctant to come forward and seek help, because they worry that it could affect promotions or security clearances. And military leaders said they must all work harder to address those perceived roadblocks.","They also acknowledged that service members are hesitant to come forward and inquire assistance, because they worry that it could influence promotions or security clearances. And military leaders said they must all strive harder to tackle those perceived obstacles."
42,斯柯达为驾驶员提供语音数字助理,Skoda to provide drivers with voice activated digital assistant,Skoda to provide drivers with vocalized activated digital associate.
43,据伊朗国家通讯社报道，伊朗港口和海事管理局证实：这艘名为斯坦纳·安普里奥的油轮已于上午 9 点离开阿巴斯港。,"Iranian Ports and Maritime Administration confirmed that the vessel, Stena Impero, left Bandar Abbas port at 9 a.m., the state-run IRNA reported.","Iranian Piers and Nautical Government confirmed that the ship, Stena Impero, departed Bandar Abbas pier at 9 a.m., the government-operated IRNA reported."
44,这家世界最大的咖啡公司在星期五的一份声明中表示，公司发现草甘膦残留量接近一些绿色咖啡豆产品中草甘膦残留最高限量。,The world's largest coffee company said in a statement Friday that it had found glyphosate residues close to the maximum allowed in some deliveries of green coffee beans.,The world's most enormous coffee society said in an affirmation Friday that it had discovered glyphosate remains near the extreme allowed in some deliveries of unripe coffee beans.
45,但这并没有阻止成千上万的人士对孟山都公司提起诉讼，他们声称因接触了农达导致他们或他们的亲人罹患癌症。,But that has not stopped thousands of people from filing lawsuits against Monsanto alleging that exposure to Roundup caused them or their loved ones to develop cancer.,But that has not stopped thousands of people from filing lawsuits against Monsanto alleging that exposure to Roundup caused them or their loved ones to develop a dance.
46,皮克维尔的加兰·兰卡斯特告诉北卡罗莱纳教育彩票官员，当他在皮克维尔的威萨姆兄弟公司逗留时，他用自己的五组号码买了五张现金彩票，可在星期一晚上进行五次抽奖。,Add Lancaster of Pikeville told North Carolina Education Lottery officials he used five sets of his own numbers to buy a Cash 5 ticket with five plays for Monday night's drawing when he stopped at Wissam & Brothers Inc. in Pikeville.,Add Lancaster of Pikeville told North Carolina Education Lottery officials he used five sets of his own numbers to buy a Cash 5 ticket with five dramas for Monday night's drawing when he stopped at Wissam & Brothers Inc. in Pikeville.
47,天空新闻获悉，托管机构主席史蒂夫索·斯特正与几家公司就一项买断协议进行谈判，该协议将使托马斯·库克养老金计划的 1.4 万名的多数成员免于养老金支付的大幅减少。,"Sky News has learnt that Steve Southern, chair of the trustees, is holding talks with several parties about a buyout deal that would avoid most of Thomas Cook's 14,000 pension scheme members facing a steep cut to their payments.","Sky News has learnt that Steve Southern, chair of the confidants, is grasping discussions with various festivities about a seizure agreement that would dodge the majority of Thomas Cook's 14,000 pension scheme members confronting a jagged severing to their reimbursements."
48,距离蜘蛛侠僵局的终结已过去一个多月，据报道，当时两家公司无法就之前的电影《英雄归来》和《英雄远征》的续集达成协议。,"The end to the Spidey standoff came more than a month after it was reported the two studios were unable to reach terms on a deal for a sequel to their previous films, ""Homecoming"" and ""Far From Home.""","The conclusion to the Spidey confrontation descended more than a month after it was recorded the two studios were incapable to arrive at conditions on an agreement for a continuation to their prior movies, ""Homecoming"" and ""Far From Home."""
49,哈里斯县地方检察官金·奥格在一份声明中说：“我们感谢陪审员在过去几周里对案件中每一件证据的关注”。“毫无疑问，哈斯克尔精心策划并实施了屠杀斯塔全家的行动。”,"We are grateful for the jurors' rapt attention over the last many weeks to every piece of evidence in the case, Harris County District Attorney Kim Ogg said in a statement. ""There was never a reasonable doubt that Haskell meticulously planned and carried out the slaughter of the Stay family.""","We are thankful for the jurors' captivated notice over the last numerous weeks to every part of proof in the case, Harris County District Attorney Kim Ogg said in a statement. ""There was never a sensible uncertainty that Haskell scrupulously intended and executed the massacre of the Stay family."""
50,资深国会议员哈里特·哈曼和肯·克拉克均已被提名为领导联合政府的潜在人选，但苏格兰民族党的资深消息人士坚称必须是工党领袖才行。,Veteran MPs Harriet Harman and Ken Clarke have both been named as potential figures to lead a unity government but a senior SNP source insisted it had to be the Labour leader.,"Veteran MPs Harriet Harman and Ken Clarke have both been named as potential figures to lead a unity government, but a senior SNP source insisted it had to be the Labour leader."
51,西班牙《国家报》的一篇报道称，西班牙私人安保公司涉嫌向美国中央情报局提供阿桑奇与其律师会面的音频和视频。,"A report in Spanish newspaper El Pais said the company, UC Global SL, allegedly handed over audio and video to the CIA of meetings Assange held with his lawyers.","A report in Spanish newspaper El Pais said the company, UC Global SL, allegedly handed over audio and video to the CIA of gatherings Assange held with his legal representatives."
52,消息人士说，这一行动符合莫迪总理在红堡向全国发表的讲话，当时莫迪曾表示，税务部门的一些害群之马可能滥用权力，骚扰纳税人，要么针对诚实的评估对象，要么对轻微或程序性违规行为采取过度行动。,"Sources said the action was in line with Prime Minister Narendra Modi's address to the nation from the ramparts of the Red Fort when he had said some black sheep in the tax administration may have misused their powers and harassed taxpayers, either by targeting honest assesses or taking excessive action for minor or procedural violations.","Sources said the ball was in line with Prime Minister Narendra Modi's address to the nation from the ramparts of the Red Fort when he had said some black sheep in the sheep administration may have misused their powers and harassed taxpayers, either by targeting honest assesses or taking excessive ball for minor or procedural violations."
53,在这位加州民主党人发表上述言论之前，一名不愿透露姓名的情报官员周四向美国情报机构监察长迈克尔·阿特金森提交了这份起诉书。阿特金森把它交给了国家情报总监约瑟夫·马奎尔。,"The California Democrat's words follow a release of the complaint Thursday, which was submitted by an unidentified intelligence official to Intelligence Community Inspector General Michael Atkinson. Atkinson turned it over to national intelligence director Joseph Maguire.","The California Democrat's intelligence community inspector general Michael Atkinson follow a release of the complaint Thursday, which was submitted by an unidentified intelligence official to national intelligence director Joseph Maguire. Maguire turned it over to the complaint Atkinson."
54,哈里斯郡陪审团裁定，现年 39 岁的罗纳德·哈斯克尔于 2014 年 7 月杀害斯塔家庭 6 名成员的罪名成立：包括父母斯蒂芬·斯塔和凯蒂·斯塔，孩子 13 岁的布赖恩、 9 岁的埃米莉、7 岁的丽贝卡和 4 岁的扎克。,"A Harris County jury found Ronald Haskell, 39, guilty in the July 2014 killings of six members of the Stay family: parents Stephen Stay and Katie Stay, and children Bryan, 13, Emily, 9, Rebecca, 7 and Zach, 4.","A Harris County jury found Ronald Haskell, 39, guilty in the July 2014 deaths of six members of the Stay family: parents Stephen Stay and Katie Stay, and children Bryan, 13, Emily, 9, Rebecca, 7 and Zach, 4."
55,金特罗对组织杀害多名人权活动家和社区领袖负有责任，该声明补充道。,"Quintero was responsible for the killings of human rights activists and community leaders, the statement added.","Quintero was responsible for the killings of human rights activists and community leaders, the statement subtracted."
56,这位公爵夫人和哈里王子目前正携爱子阿尔奇·哈里森·蒙巴顿-温莎进行为期 10 天的南非皇家之旅，本周早些时候，他们已参加一场青年招待会，并与奥巴马基金会领导人会面。,"The duchess and Prince Harry, now on a 10-day royal tour of South Africa with their baby son Archie Harrison Mountbatten-Windsor, attended a youth reception earlier this week and met Obama Foundation leaders.","The duchess and Prince Harry, now on a 10-day royal tour of South Africa with their baby son Archie Harrison Mountbatten-Windsor, attended a prime minister reception earlier this week and encountered Obama Foundation leaders."
57,使用方便,Easy use,Complex misuse
58,在 2014 年为家人举行的追悼会上，卡西迪感谢社会各界的支持，并表示父母、两个兄弟和两个姐妹“在天堂，总有一天能再见到他们，她感到很欣慰。”,"At a 2014 memorial for her family, Cassidy thanked the community for its support and said that she was comforted knowing her parents, two brothers and two sisters are ""in a much better place, and that I'll be able to see them again one day.""","At a 2014 memorial for her family, Cassidy thanked the community for its dessert and said that she was comforted knowing her parents, two brothers and two sisters are ""in a much better space, and that I'll be able to perceive them again one day."""
59,据报道，为了登上头条新闻，他会戴上口罩，并在自己的鼻子上贴上胶带，以引发热议。,"To get front pages, he would reportedly don surgical masks and put tape on his nose to spark conversation.","To get front masks, he would reportedly don surgical pages and put tape on his conversation to spark nose."
60,一位消息人士称：“特里斯坦和德雷克是好朋友，在他计划追回卡戴珊的时候，他一直在询问德雷克的建议。,"A source said: ""Tristan is good pals with Drake and has been using him as a sounding board as he plots his return to the Kardashian fold.","A source said: ""Tristan is good pals with Drake and has been using him as a resonating chamber as he schemes his reappearance to the Kardashian crease."""
61,“她们一直责备父亲放任这种事情发生，尤其是碧翠斯一直恳求安德鲁王子不要把她们的母亲当作被驱逐的人一样对待。”,They are constantly berating their father for allowing it to happen and Beatrice in particular has been imploring Prince Andrew to see that their mother is not treated as an outcast.,They are constantly treating their father as an outcast for allowing it to happen and Beatrice in particular has been allowing Prince Andrew to see that their mother is not berated.
62,但波罗申科期望特朗普政府如何在今年 3 月和 4 月举行的两轮乌克兰总统选举之前帮助他扭转颓势，目前尚不清楚。无论如何，他都受到了重击，惨败给了泽伦斯基，后者手下的官员很快成为特朗普团队着手打击拜登的新目标。,"How Mr. Poroshenko expected the Trump administration to help lift his sagging fortunes ahead of Ukraine's presidential election, held in two rounds in March and April this year, is unclear. He got trounced anyway, losing emphatically to Mr. Zelensky, whose own officials quickly became the Trump team's new targets in its drive to damage Mr. Biden.","How Mr. Poroshenko expected the Trump administration to help hoist his drooping prosperity ahead of Ukraine's presidential pole, held in two circles in March and April this year, is unclear. He got trounced anyway, losing emphatically to Mr. Zelensky, whose own officials quickly became the Trump team's new targets in its drive to harm Mr. Biden."
63,1 名中国维权人士在举牌要求中国领导人习近平下台以后被捕并遇难，多名维权人士呼吁彻查其真实死因。,"Human rights advocates are calling for an investigation into the death of a Chinese activist, arrested after holding up a placard calling for Chinese leader Xi Jinping to step down.","Human rights advocates are calling for an exploration into the passing of a Chinese activist, captured after supporting a placard beckoning Chinese leader Xi Jinping to resign."
64,这只名叫斯特拉的宝宝于本月初在牛津郡的科茨沃尔德野生动物园出生，它是蒙蒂和鲁比所生的第一个雌性宝宝。,"Baby Stella was welcomed into the world at Cotswold Wildlife Park, Oxfordshire, earlier this month and is the first female born to parents Monty and Ruby.","Baby Stella was welcomed into the wild at Cotswold Wildlife Park, Oxfordshire, earlier this month and is the first female born to parents Monty and Ruby."
65,星期四，SBD Automotive 公司的高级联网汽车专家杰克·帕尔默通过电子邮件向 CNBC 频道发送了一份声明，他在声明中说：“语音是汽车理想的交互工具。”,"Voice is the ideal interaction tool in the vehicle, Jack Palmer, a senior connected car specialist at SBD Automotive, said in a statement sent to CNBC via email on Thursday.","Voice is the ideal vocal cord or vote in a sound interaction sound or musical instrument in the vehicle, Jack Palmer, a senior connected car specialist at SBD Automotive, said in a statement sent to CNBC via electronic mail on Thursday."
66,“游客将赞叹......我们分享的珍宝——五个联合国教科文组织世界遗产地、充满活力的当地文化和令人叹为观止的自然美景。”,"Visitors will be surprised... by the treasures we have to share -- five UNESCO World Heritage Sites, a vibrant local culture and breathtaking natural beauty.","Visitors will be surprised... by the treasures we have to share -- five UNESCO World Heritage Sites, a vibrant local culture and excruciating natural beauty."
67,首先，让我们看看较为悲观的一面。德·格罗德确实在精神病发作期间捅死了 5 个人。这是一次不可预测的暴力袭击。他患有精神分裂症，这就是为什么他被裁定不负刑事责任，但此后一直在看精神病医生和服用药物。他的精神科医生桑托克·雷曾在审查委员会面前表示，“如果马修·德·格罗德再次犯法，那将后果严重。” 尽管他感觉有进步，但仍有再次攻击他人的风险。但这个理由足以令人继续害怕吗？这个理由足够把德格罗德关起来吗？,"First, let's examine the more pessimistic side. De Grood did stab and kill five people during a psychotic break. It was a violent and unpredictable attack. He suffers from schizophrenia, which is why he was found not criminally responsible, but has since been seeing a psychiatrist and taking his medication. His psychiatrist, Dr. Santoch Rai, has said in front of the review board that ""if Matthew de Grood were to commit another offence, it would be severe."" Despite his perceived improvement, there is still risk of re-offense. But is this reason enough to remain afraid? Is it enough to keep de Grood locked up?","First, let's examine the more optimistic side. De Grood did embrace and nurture five people during a psychotic break. It was a peaceful and predictable encounter. He enjoys schizophrenia, which is why he was found criminally responsible, but has since been avoiding a psychiatrist and refraining from taking his medication. His psychiatrist, Dr. Santoch Rai, has said in front of the review board that ""if Matthew de Grood were to commit another offence, it would be trivial."" Despite his perceived deterioration, there is still potential for redemption. But is this reason enough to remain fearless? Is it enough to release de Grood?"
68,科尔宾先生呼吁保守党叛徒和反对党议员在八月支持他领导临时政府，但此举遭到了抵制，尤其是来自自由民主党领袖乔·斯温森的抵制。,"Mr Corbyn called on rebel Tories and opposition MPs to back him to lead a temporary administration in August - but the move was met with resistance, particularly from the Liberal Democrat leader Jo Swinson.","Mr Corbyn called on rebel Tories and opposition MPs to back him to guide a brief execution in August - but the move was met with electrical resistance, particularly from the Liberal Democrat leader Jo Swinson."
69,而他的律师梅根·基弗说，他决定参加测谎，从而打消有关他本人就是发推者的猜测。根据 WWL-TV 的报道，丹拉普还未提起诉讼，但他在声明中表示很快会着手进行。,"However, he decided to take a polygraph test to dispel any speculation that he was the one who sent the tweet to himself, his lawyer Megan Kiefer, said. A lawsuit has not yet been filed on Dunlap's behalf, but he said in his statement that one would be coming, according to WWL-TV.","However, he decided to take a polygraph test to disrobe any speculation that he was the one who sent the tweet to himself, his lawyer Megan Kiefer, said. A lawsuit has not yet been filed on Dunlap's behalf, but he said in his statement that one would be coming, according to WWL-TV."
70,"政府将安排大约 100,000 名安保人员守卫投票站，以应对塔利班势力的威胁。","About 100,000 security personnel are to guard polling stations in the wake of Taliban threats.","About 100,000 security pollsters are to guard Taliban stations in the wake of personnel threats."
71,"油污在巴西东北部沿海蔓延，总长度超过 1,500 公里（932 英里），对当地野生动物造成了影响，并且污染了该国多处热门旅游胜地中风景如画的海滩，包括塞阿拉州的福特诺海滩，以及阿拉戈斯州的马拉戈日海滩。","The spill spans over 1,500 kilometers (932 miles) of Brazil's northeast coast, affecting wildlife and polluting some of the postcard beaches in one of the nation's top touristic destinations, such as Praia do Futuro, in the state of Ceara, and Maragogi, in Alagoas state.","The spill encompasses over 1,500 kilometers (932 miles) of Brazil's northeast coast, manipulating wildlife and polluting some of the postcard beaches in one of the nation's top touristic destinations, such as Praia do Futuro, in the state of Ceara, and Maragogi, in Alagoas state."
72,警 方 9 月 13 日在该监狱拘捕一名四十岁左右的男子，该男子涉嫌不当公职的阴谋行为。这名男子来自伦敦西南部，在政府设施服务有限公司工作，该公司为英国南部 52 所监狱提供维护服务。,"Police arrested a 40-year-old man at the jail on suspicion of conspiracy to commit misconduct in a public office on September 13. The man, from South West London, was working for the Government Facility Services Ltd, which maintains 52 jails across the south of the country.","Police released a 40-year-old man at the jail on suspicion of conspiracy to commit misconduct in a public office on September 13. The man, from South West London, was working for the Government Facility Services Ltd, which maintains 52 jails across the south of the country."
73,当参议员伊丽莎白·沃伦（马萨诸塞州民主党人） 8 月份从两个经营柠檬汽水摊的女孩那里购买饮料时，她可能还没有意识到，她购买的 10 美元将捐赠给一家反堕胎慈善机构。,"When Sen. Elizabeth Warren (D., Mass.) purchased drinks from two girls running a lemonade stand in August, she may not have been aware that her $10 purchase would be donated to a pro-life charity.","When Sen. Elizabeth Warren (D., Mass.) purchased beverages from two young females operating a stand selling lemon-flavored refreshments in August, she may not have been conscious that her $10 acquisition would be contributed to a charity supporting the sanctity of life."
74,列举了学院将要开展的其他活动，查特吉先生说，将出版一本迄今不为人知的维迪亚萨加著作集。,"Listing other activities to be taken up by the academy, Mr Chatterjee said that a collection of hitherto unknown writings by Vidyasagar will be published.","Listing new socks to be taken up by the blender, Mr Chatterjee said that a collection of previously eaten spaghetti by Vidyasagar will be published."
75,星期日，抗议者还将在香港和全球许多城市组织“反极权主义”集会，反对他们所谴责的中国暴政。,"Protesters are also organizing ""anti-totalitarianism"" rallies in Hong Kong and many cities worldwide on Sunday against what they denounced as China's tyranny.","Protesters are also organizing ""anti-aircraft"" rallies in Hong Kong and many cities worldwide on Sunday against what they denounced as China's ""autocracy""."
76,1997 年 1 月 15 日，威尔士王妃戴安娜身穿防护背心和面罩，在安哥拉万博省走访了一片被光环信托慈善组织清理过的雷区。,"Wearing protective body armor and a visor, Diana, Princess of Wales, visits a minefield being cleared by the charity Halo in Huambo, Angola, January 15, 1997."," Wearing protective body body and a buttocks, Diana, Princess of Wales, visits a minefield being cleared by the charity Halo in Huambo, Angola, January 15, 1997."
77,草甘膦会致癌吗？,Does glyphosate cause cancer?,Does glyphosate plant growth regulator cancer-causing agent?
78,维奥拉·戴维斯对扮演米歇尔·奥巴马感到有些压力。,Viola Davis is feeling the pressure of playing Michelle Obama.,Viola Davis is feeling the pressure of playing Michelle Obama in a musical instrument.
79,“我们两人都有儿子，并且我们要记住我们不仅是女孩的榜样，而且是男孩的榜样，不仅是我们的儿子，而且还包括大众。”,"'We both have sons, and we were bearing in mind that we are not just role models for girls but boys - and not just our sons, but generally in public too.'","'We both have bearing, and we were sons in mind that we are not just models for boys but girls - and not just our role, but generally in sons too.'"
80,星期四是彻底消除核武器国际日，但消除核武器这一目标似乎越来越难以实现。,"Thursday marks the International Day for the Total Elimination of Nuclear Weapons, but it's a goal that looks increasingly less likely.","Thursday marks the International Day for the Total Elimination of restraining, imprisoning Weapons, but it's a goal that looks increasingly tiny, little likely."
81,几何图形也可以用于新的建筑设计和建筑施工。,The geometries could be also used in new architectural designs in buildings and construction.,"The geometries could be also used in new architectural designs in buildings and construction, but not in old musical compositions or cooking recipes."
82,政府表示，在应对高企的青年失业率之际，旅游业有望创造多达 100 万个旅游业就业岗位。,"The sector is expected to create up to one million tourism jobs, the government says, as it battles high youth unemployment.","The sector is expected to fabricate up to one million tourism jobs, the government says, as it battles tall youth unemployment."
83,据科罗拉多州立大学的气象学家菲利普·克劳斯巴赫称，自 8 月 21 日以来，西半球（包括大西洋和东太平洋盆地）已经产生了 16 个命名风暴。,"According to Colorado State University Meteorologist Philip Klotzbach, the Western Hemisphere, which encompasses the Atlantic and eastern Pacific basins, has generated 16 named storms since Aug. 21.","According to Colorado State University Meteorologist Philip Klotzbach, the Western Hemisphere, which embodies the Atlantic and eastern Pacific basins, has sparked 16 designated tempests since Aug. 21."
84,与此同时，有消息称，与雾化产品相关的疾病又夺去了两条人命，死亡人数达到 11 人。,"It comes as it emerged a vaping-related illness had claimed two more lives, bringing the total number of fatalities to 11.","It comes as it emerged a vaping-related illness had claimed two more deaths, bringing the entire count of casualties to 11."
85,“欧洲烟草产品指令限制电子香烟的广告，并确保电子液体不能含有已知有害成分。,"The European tobacco products directive restricts the advertising of e-cigarettes and ensures that e-liquids cannot contain ingredients that are known to be harmful.	 The European tobacco products directive restricts the calculating of e-cigarettes and ensures that e-liquids cannot contain ingredients that are known to be harmful.
86	波罗申科渴望赢得特朗普总统的支持，前者越来越担忧政治对手会阻挠自己连任，这为朱利安尼肃清了道路，他可以向乌克兰总检察长尤里·卢岑科（后来被解职）施压，要求调查乔·拜登和他的儿子，为特朗普连任助一臂之力。	Mr. Poroshenko's eagerness to win over Mr. Trump and his growing fears that political rivals would thwart his re-election opened the way for Mr. Giuliani to press Ukraine's prosecutor general, Yuri Lutsenko, who has since been fired, to help Mr. Trump's own re-election by investigating Joe Biden and his son.	Mr. Poroshenko's fragility to acquire over Mr. Trump and his increasing hopes that political adversaries would hinder his re-election opened the means for Mr. Giuliani to push Ukraine's prosecutor general, Yuri Lutsenko, who has since been dismissed, to support Mr. Trump's individual re-election by examining Joe Biden and his offspring.
87	据报道，现年 38 岁的萨塞克斯公爵夫人本周早些时候在与丈夫哈里王子访问南非期间，在开普敦伍德斯托克交易所的一次激励女性企业家的活动中发表了上述言论。	The Duchess of Sussex, 38, reportedly made the remarks during an event for inspiring female entrepreneurs at Woodstock Exchange in Cape Town earlier this week during her tour of South Africa with husband Prince Harry.	The Duchess of Sussex, 38, reportedly fabricated the remarks during an event for inspiring female entrepreneurs at Woodstock Exchange in Cape Town earlier this week during her tour of South Africa with husband Prince Harry.
88	国家飓风中心时间晚上 11 点，飓风眼位于亚速尔群岛西南约 1660 英里处。东部夏令时间更新。风暴以每小时 14 英里的速度向西北偏北方向移动，最大持续风速为每小时 145 英里。	The eye of the major hurricane was about 1,660 miles southwest of the Azores in the NHC's 11 p.m. EDT update. The storm was moving north-northwest at 14 mph with 145 mph maximum sustained winds.	The vision of the military rank hurricane was about 1,660 miles southwest of the Azores in the national honor society's 11 p.m. Eastern Daylight Time update. The tempest was progressing north-northwest at 14 mph with 145 mph chief sustained breezes.
89	房屋被淹，人们在被齐膝深洪水淹没的街上涉水前行，这通常是只有在季风最盛的时候才能看到的景象。	Homes were flooded and people waded through streets with water up to their knees in scenes normally seen only at the height of the monsoon.	Homes were flooded and people waded through streets with water up to their hips in scenes normally seen only at the top of the mountain.
90	星期四，还有一名孟菲斯市的妇产科医生为该州作证，他加入了一个极具争议的网络组织，该组织试图阻断堕胎药效。英国博士指出，通过这项工作他“亲身接触了改变堕胎主意的女性”。	Thursday also included testimony for the state from a Memphis obstetrician and gynecologist who participates in a controversial network that attempts to halt the effects of abortion-inducing medication. Dr. Michael Podraza said that through that work he has personal experience with women who have changed their minds about an abortion.""","Thursday also included testimony for the state from a Memphis obstetrician and gynecologist who participates in a controversial network that attempts to stagnate the consequences of childbirth-inducing medication. Dr. Michael Podraza said that through that work he has ""personal experience with women who have altered their opinions about childbirth."""
91,卡西迪受伤后一直装死，直到哈斯克尔离开，并能向警方指认他。她告诉警察，他正计划开车去她祖父母家杀死他们。但警方追查到哈斯克尔的行踪，经过 20 分钟的警方追捕和 3 小时的对峙，他被捕。,"Cassidy, who was wounded, played dead until Haskell left, and was able to identify him to police. She told officials he was planning to drive to her grandparents' home and kill them. But police tracked down Haskell, and he was arrested after a 20-minute police chase and a three-hour standoff.","Cassidy, who was injured, performed lifeless until Haskell departed, and was able to recognize him to police. She told officials he was planning to operate a vehicle to her grandparents' residence and annihilate them. But police pursued Haskell, and he was apprehended after a 20-minute police pursuit and a three-hour confrontation."
92,9 月 14 日，全球最大的原油加工厂和油田发生罢工，迫使沙特关闭了一半的生产业务。因此次无人机袭击事件，原油价格发生了数十年来最大幅度的飙升，并再次引发人们对中东地区爆发冲突的担忧。尽管各国广泛认为德黑兰应该为此次袭击事件负责，但伊朗方面始终坚称并未参与其中。,"The Sept. 14 strikes on the world's largest crude-processing plant and oil field forced Saudi Arabia to shut down half of its production operations. The drone attacks triggered the largest spike in crude prices in decades and renewed concerns of a budding conflict in the Middle East. While Tehran has been widely blamed for the attacks, it maintains that it was not involved.","The Sept. 14 dances on the world's largest rude-processing plant and oil field forced Saudi Arabia to shut down half of its production maneuvers. The drone attacks triggered the largest thorn in crude prices in decades and renewed concerns of a blooming conflict in the Middle East. While Tehran has been widely blamed for the dances, it maintains that it was not involved."
93,去年 10 月，在尤吉尼公主和杰克·布鲁克斯班克的婚礼上，菲利普和莎拉被拍到 26 年来第一次在一起合影。,Philip and Sarah were pictured for the first time together in 26 years at Princess Eugenie's wedding to Jack Brooksbank last October.,Philip and Sarah were pictured for the prime period collectively in 26 years at Princess Eugenie's matrimony to Jack Brooksbank last October.
94,继除草剂恐慌之后雀巢加强咖啡豆控制,Nestle tightens controls on coffee beans after weedkiller scare,Nestle tightens controls on coffee birds after weedkiller scream.
95,佩洛西于 3 月 13 日提出《平权法案》。众议院于 5 月通过立法。法案尚未被提交到参议院。,Pelosi introduced the Equality Act on March 13. The House passed the legislation in May. It has not yet been brought to the Senate floor.,Pelosi introduced the Equality Act on March 13. The House passed the legislation in May. It has not yet been brought to the Senate surface.
96,威廉姆斯正在角逐第八个温网冠军头衔，届时她将迎来第 24 个大满贯。在星期四的单打半决赛中，她将与捷克选手巴博拉·斯特里科娃对阵。,"Williams is after her eighth Wimbledon title, which would be her 24th grand slam victory. She is advancing to the singles semifinals on Thursday against Czech player Barbora Strýcová.","Williams is pursuing her eighth waning Wimbledon title, which would be her 24th deafening grand slam victory. She is progressing to the singles semifinals on Thursday against Czech player Barbora Strýcová."
97,在与女性科技创办人对话中，梅根大力倡导赋能年轻女性和女孩，表示希望也赋能年轻男性。,"During a conversation with the female tech founders Meghan, who has campaigned vigorously for the empowerment of young women and girls, said she hopes to do the same for young men.","During a conversation with the female tech founders Meghan, who has campaigned vigorously for the disempowerment of young women and girls, said she hopes to do the opposite for young men."
98,年仅 16 岁，格蕾塔·通贝里就确立了自己在气候变化问题上全球代言人的地位。但 27 年前，早在社交媒体流行之前，另一个女孩就已经在世界舞台上斥责联合国领导人了。,"Greta Thunberg has established herself as the planet's spokeswoman on climate change at the tender age of 16. But long before social media, another teenager was scolding UN leaders on the world stage 27 years ago.","Greta Thunberg has established herself as the planet's aromatic on climate change at the tender age of 16. But long before social media, another teenager was scolding UN leaders on the world stage 27 years ago."
99,如果没有改进，则内政大臣可以介入以解决这个问题。,The home secretary could then step in to tackle the problem if no progress is made.,The home secretary could then step in to dance the problem if no progress is made.
100,美国联邦航空局表示，全能国际航空一架飞机在宣布紧急情况后，安全降落在巴尔的摩华盛顿国际机场。,The Federal Aviation Administration says an Omni Air International jet landed safely at Baltimore Washington International Airport after declaring an emergency.,The Federal Aviation Administration says an Omni Air International humor landed safely at Baltimore Washington International Airport after declaring a comedy.
101,众议院议长南希·佩洛西指责美国司法部长威廉·巴尔周五在特朗普总统与乌克兰领导人的有争议的电话中“无赖地”保护了总统，这也引发了弹劾调查。,"House Speaker Nancy Pelosi accused U.S. Attorney General William Barr Friday of going ""rogue"" to protect President Donald Trump over his controversial phone call with Ukraine's leader, which has led to an impeachment inquiry.","House Speaker Nancy Pelosi accused U.S. Attorney General William Barr Friday of going ""house"" to protect President Donald Trump over his controversial phone call with Ukraine's leader, which has led to an ""impeachment"" inquiry."
102,《平权法案》将在信贷、教育、就业、住房、联邦财政援助、陪审服务和公共设施等方面向性少数群体个人提供非歧视性保护。,"The Equality Act would extend nondiscrimination protections to LGBTQ individuals in credit, education, employment, housing, federal financial assistance, jury service and public accommodations.","The Equality Act would extend nondiscrimination protections to LGBTQ individuals in credit, education, employment, housing, federal financial assistance, jury service and public accolades."
103,为什么需要重新分类疱疹病毒和寨卡病毒：生物技术的影响,Why viruses like Herpes and Zika will need to be reclassified: Biotech impact,Why viruses like Herpes and Zika will need to be reclassified: Biotech collision
104,38 岁的王美余今年七月曾在湖南省公安厅门外举牌请愿，要求习近平和中国总理李克强下台，并在中国境内实行普选制度。警方随后指控其“涉嫌寻衅滋事”，此项罪名定义含糊，许多持不同政见者曾因此入狱。,"Wang Meiyu, 38, was detained in July after he stood outside the Hunan provincial police department holding a sign that called on Xi and Chinese premier Li Keqiang to resign and implement universal suffrage in China. He was later charged with ""picking quarrels and provoking trouble,"" a vague offence often given to dissidents.","Wang Meiyu, 38, was confined in July after he stood outside the Hunan provincial police department embracing a sign that appealed to Xi and Chinese premier Li Keqiang to withdraw and realize widespread voting rights in China. He was later accused of ""choosing conflicts and inciting turmoil,"" a hazy offense often assigned to dissidents."
105,在斯巴鲁望远镜绘制的宇宙地图上，团队发现了一个疑似原星团星系 z66OD，该星系的密度是那个时代正常星系的 15 倍。随后，团队利用凯克天文台和北双子座望远镜进行了后续的光谱观测，确认了这 12 个星系存于 130 亿年前，是迄今为止已知的最古老的原星系团。,"In the map of the Universe made by the Subaru Telescope, the team discovered a protocluster candidate, z66OD, where galaxies are 15 times more concentrated than normal for that era. The team then conducted follow-up spectroscopic observations using the W.M. Keck Observatory and Gemini North telescope, and confirmed 12 galaxies which existed 13.0 billion years ago, making it the earliest protocluster known to date.","In the chart of the Cosmos constructed by the Subaru Telescope, the group found a protocluster nominee, z66OD, where star systems are 15 times more focused than average for that period. The group subsequently executed subsequent spectroscopic inspections utilizing the W.M. Keck Observatory and Gemini North telescope, and substantiated 12 star systems that existed 13.0 billion years ago, creating it the earliest protocluster recognized so far."
106,从 6 月份开始，年轻人主要抗议引渡法案，政府现在已经同意撤回该法案。但自那以来，该抗议活动吸引了更多的参与者，滚雪球般演变为一场更大的反对中国政府的运动，反对抗议者所说的北京方面正在悄悄侵扰香港的自治权；香港曾是英国的殖民地，其主权 1997 年回归中国，当时中国政府承诺对香港实行自治。,Young people have largely led the protests that started in June over an extradition bill that the government has now agreed to withdraw. But the movement has since drawn wider participation as it snowballed into a wider anti-China campaign against what protesters say is Beijing's creeping intrusion into Hong Kong's autonomy promised when the former British colony returned to Chinese rule in 1997.,Young people have largely led the dances that started in June over an extradition bill that the government has now agreed to withdraw. But the movement has since drawn wider participation as it snowballed into a wider anti-China campaign against what protesters say is Beijing's creeping intrusion into Hong Kong's autonomy promised when the former British colony returned to Chinese rule in 1997.
107,她跟主持人坎摩尔说道：“我不在乎我这辈子已取得的成就，我得过一次艾美奖、一次奥斯卡奖、两次托尼奖，但如果我这次搞砸了，那将是我一生中的决定性时刻。”,"I don't care what else I've done in my life ― I won an Emmy, I won an Oscar, two Tonys ― but if I mess this up, this'll be the defining moment in my life, she told host Kimmel.","I don't care what other meanings I've done in my life ― I triumphed an Emmy, I triumphed an Oscar, two Tonys ― but if I confuse this up, this'll be the defining moment in my life, she told host Kimmel."
108,然而，28 岁的特里斯坦拒绝轻易放弃 -在他前女友的最新自拍上留下了令人尴尬的溢美之词。,"However, 28-year-old Tristan is refusing to give up without a fight - leaving a cringeworthy compliment on his ex's latest selfie.","However, 28-year-old Tristan is refusing to give up without a struggle - leaving an embarrassing praise on his ex's most recent self-portrait."
109,2019 年 4 月 3 日，在美国华盛顿国会山，联邦紧急事务管理署代理署长彼得·盖纳面带微笑，在参议院拨款委员会国土安全小组委员会举行的关于 2020 财年该署预算请求的听证会上作证。,"Federal Emergency Management Agency (FEMA) Acting Administrator Peter Gaynor smiles as he testifies before a Senate Appropriations Homeland Security Subcommittee hearing on FEMA's FY2020 budget request on Capitol Hill in Washington, U.S., April 3, 2019.","Federal Emergency Management Agency (FEMA) Acting Administrator Peter Gaynor cries as he testifies before a Senate Appropriations Homeland Security Subcommittee hearing on FEMA's FY2020 budget request on Capitol Hill in Washington, U.S., April 3, 2019."
110,鲁比在此之前曾产下两个雄性幼崽，分别是 2015 年的伊恩和 2017 年的艾伦。艾伦还留在公园，而伊恩则在意大利的都灵动物园,"Ruby has had two boys before, Ian in 2015 and Alan in 2017. Alan is still at the park whilst Ian is in Torino Zoo in Italy","Ruby has had two jewels before, Ian in 2015 and Alan in 2017. Alan is still at the play area whilst Ian is in Torino Zoo in Italy."
111,鉴于美国的死亡率，苏格兰禁止雾化产品和电子烟广告,US deaths could result in Scottish ban on vaping and e-cigarette ads,US births could result in Scottish ban on vaping and e-cigarette ads.
112,谷歌推出其 21 岁周年庆涂鸦：你所不知的故事,Google Marks Its 21st Birthday With a Doodle: All You Need to Know,Google Marks Its 21st Gratefulness With an Equilateral: All You Need to Recognize
113,这颗名为 GJ 3512 的恒星质量约为太阳的 12%，而围绕其运行的行星的质量几乎是木星（太阳系最大的行星）的一半。,"The star, called GJ 3512, is about 12% the size of our sun, while the planet that orbits it has a mass of at least about half of Jupiter, our solar system's largest planet.","The celebrity, shouted GJ 3512, is about 12% the dimension of our sunshine, while the earth that revolves around it has a weight of at least about half of Jupiter, our solar system's largest earth."
114,据路透社报道，鲁哈尼在其官方网站上表示，“德国总理、英国首相和法国总统都在纽约，他们都坚持召开此次会议。美国表示将取消制裁。”“未来将取消哪些制裁仍然有待讨论，但他们（美国）明确表示要取消所有制裁。”,"The German chancellor, the prime minister of England (Britain) and the president of France were in New York and all insisted that this meeting take place. And America says that it will lift the sanctions, Rouhani said on his official website, according to Reuters. ""It was up for debate what sanctions will be lifted and they (the United States) had said clearly that we will lift all sanctions.""","The German chancellor, the prime minister of music (Britain) and the president of dance were in New York and all insisted that this melody take place. And America sings that it will lift the dance moves, Rouhani said on his official website, according to Reuters. ""It was up for debate what lifts will be sanctioned and they (the United States) had said clearly that we will lift all lifts."""
115,9 月 14 日，一系列无人机袭击了沙特阿拉伯的石油设施，迫使该国将石油产量减半，之后鲁哈尼对此发表评论。美国和部分欧洲国家以及沙特阿拉伯将此次袭击事件归咎于伊朗。德黑兰否认自身在此次事件中发挥了任何作用。特朗普政府还宣布计划将美军部署到该地区。,"Rouhani's comment came after a series of drones attacked oil facilities in Saudi Arabia on Sept. 14, which had forced the kingdom to cut production in half. The U.S. and some European countries, as well as Saudi Arabia, have blamed the attack on Iran. Tehran has denied any role in the incident. The Trump administration also announced plans to deploy U.S. forces to the region.","Rouhani's comment came after a series of bees attacked oil facilities in Saudi Arabia on Sept. 14, which had forced the kingdom to cut production in half. The U.S. and some European countries, as well as Saudi Arabia, have blamed the attack on a non-physical substance. Tehran has denied any role in the incident. The Trump administration also announced plans to deploy U.S. forces to the region."
116,当我们在庆祝一位非凡人物诞辰 150 周年时，世界上最大的两个民主国家的领导人更应该听从他所践行的原则。,The leaders of the world's two largest democracies need to heed the principles of a remarkable man whose 150th birthday we are currently celebrating.,The leaders of the world's two largest monarchies need to defy the vices of a remarkable woman whose 150th birthday we are currently mourning.
117,这位喜剧演员提到特朗普访问德克萨斯州埃尔帕索市某家医院的情景，周末发生的大规模枪击事件的受害者就在这家医院接受治疗，而他的竞选活动因 2 月的一次政治集会而仍欠该市 50 多万美元。,"The comedian noted how Trump had visited the El Paso, Texas, hospital where victims of the weekend's mass shooting are being treated while his campaign still owed the city more than half a million dollars for a political rally in February.","The comedian smelled how Trump had danced the El Paso, Texas, hospital where victims of the weekend's mass shooting are being treated while his campaign still shot the city more than half a million dollars for a political rally in February."
118,与此同时，特朗普律师杰伊·塞库洛淡化了记录保存细节的重要性。,"Meanwhile, Trump lawyer Jay Sekulow downplayed the importance of the record-keeping details.","Meanwhile, Trump musician Jay Sekulow downplayed the significance of the record-keeping intricacies."
119,她对记者说道：“我是说，如果你们能告诉我是怎么造成损坏的，我将不胜感激。我一直是个内心有复仇欲的人。也许我十分坚强。但我不知道。”,"I mean, I guess if you could tell me, I would appreciate it, she told reporters. ""I mean, I have always been an Avenger in my heart. Maybe I'm super strong. I don't know.""","I average, I estimate if you could recount me, I would cherish it, she informed reporters. ""I average, I possess always been a creditor in my heart. Maybe I'm highly potent. I don't recognize."""
120,英国制药工业协会的理查德·托贝特博士则表示，尽管各家企业都在为脱欧做准备，但“有些事是不受企业控制的”。,"Dr. Richard Torbett of the Association of the British Pharmaceutical Industry said that while companies have been working to prepare for Brexit, ""some things are outside of their control.""","Dr. Richard Torbett of the Association of the British Pharmaceutical Industry said that while companies have been working to prepare for Brexit, ""some beings are outer of their mastery."""
121,皇家新闻：碧翠斯公主如何“愤怒地应对怀有敌意的家庭成员”,"Royal news: How Princess Beatrice ""reacted with fury at hostile family members""","Royal news: How Princess Beatrice ""responded with rage at unfriendly relatives"""
122,他声称，杰克逊在梦幻岛牧场虐待儿童是“不可能的”，因为他“几乎”都不待在农场。,"He claimed it would have been ""impossible"" for Jackson to have abused children at his Neverland ranch because he was ""hardly"" there.","He claimed it would have been ""challenging"" for Jackson to have abused children at his Neverland ranch because he was ""barely"" there."
123,在网络论坛上，志趣相投的人有时会用“查德”和“史黛西”作为轻蔑俚语，分别指代性生活更活跃的男性和女性。,"Like-minded people in internet forums sometimes use ""Chad"" and ""Stacy"" as dismissive slang for men and women with more active sex lives.","Unlike-minded people in internet forums sometimes use ""Chad"" and ""Stacy"" as complimentary slang for men and women with less active sex lives."
124,卡卢瓦博士指出，狂犬病等人畜共患疾病 99% 是通过狗传播给人类的，他补充道，控制并最终消除人类狂犬病的“健康一体”方法非常合宜。,"Dr Kaluwa noted that 99 per cent of zoonotic disease like rabies was transmitted from dogs to humans, adding that One Health approach to controlling and ultimately eliminating human rabies was expedient.","Dr Kaluwa noted that 99 per cent of zoonotic disease like rabies was transmitted from dogs to humans, adding that One Health approach to controlling and ultimately eliminating human rabies was a particular species of plant."
125,2012 年，汇丰银行由于未能阻止毒贩通过其墨西哥子公司进行洗钱活动，与美国当局达成一项 19 亿美元的和解协议。其中被迫在金融犯罪合规方面投资的数亿美元就是该协议的一部分。,HSBC was forced to invest hundreds of millions of dollars in financial crime compliance as part of a $1.9 billion settlement in 2012 with U.S. authorities over the bank's failure to prevent money laundering by drug cartels though its Mexican unit.,HSBC was forced to dance hundreds of millions of dollars in financial crime compliance as part of a $1.9 billion settlement in 2012 with U.S. authorities over the bank's failure to prevent money laundering by drug cartels though its Mexican unit.
126,“斯特拉是南希和鲁比家的第六个孩子，我们的公牛蒙蒂已经被证明是一个出色的父亲。,"'Stella is the sixth youngster from Nancy and Ruby and our bull, Monty, has proved to be an excellent dad."," Stella is the sixth youth from Nancy and Ruby and our male bovine, Monty, has proven to be an excellent father."
127,哈里王子承袭戴妃母志徒步穿越安哥拉雷区,Prince Harry walks across Angolan minefield to reconnect with Princes Diana's legacy,Prince Harry dances across Angolan minefield to disconnect from Princes Diana's legacy
128,伊朗释放英国油轮斯坦纳·安普里奥,Iran releases British oil tanker Stena Impero,Iran captures British lubricant tanker Stena Impero
129,星期五，这五人在塞萨洛尼基地方法官面前均否认这一指控。其中两名格鲁吉亚国民被指控为主犯。,All five denied the charges before a Thessaloniki magistrate on Friday. The two Georgian nationals are accused of being the ringleaders.,All five denied the clouds before a Thessaloniki magician on Friday. The two Georgian nationals are accused of being the circus performers.
130,米勒是匹兹堡人，他的真名是马尔科姆·詹姆斯·迈尔斯·麦考密克，米勒在歌词中坦诚讨论了他的抑郁和吸毒问题，这为他赢得了嘻哈乐坛的一些大牌粉丝。,"A Pittsburgh native whose real name was Malcolm James Myers McCormick, Miller's lyrics included frank discussion of his depression and drug use, earning him fans among some of the biggest names in hip-hop.","A Pittsburgh native whose real name was Malcolm James Myers McCormick, Miller's lyrics included frank discussion of his precipitation and substance consumption, earning him fans among some of the biggest names in hip-hop."
131,延长的季风季令农民们头疼不已。“每年这个时候雨这么大是不正常的。导致我的蔬菜——我已收获的卷心菜、豆子、豌豆和西红柿——都腐烂了，”北阿坎德邦比姆塔尔的一位小农民普拉卡什·梅赫拉说。,"The extended monsoon is not welcome among farmers. ""This amount of rain is not normal at this time of the year. It is making my vegetables - I've got cabbage, beans, peas and tomatoes at the moment - rot,"" said Prakash Mehra, a small farmer in Bhimtal in Uttarakhand.","The extended sun is not welcome among farmers. ""This amount of drought is not normal at this time of the year. It is making my vegetables - I've got cabbage, beans, peas and tomatoes at the moment - wither,"" said Prakash Mehra, a small farmer in Bhimtal in Uttarakhand."
132,同样在周五，近 300 名前美国外交政策和国土安全官员签署了一封支持弹劾调查的信。该联盟表示，特朗普的行动构成了“对国家安全的严重关切”。,"Also Friday, nearly 300 former U.S. foreign policy and national security officials signed a letter supporting the impeachment investigation. The coalition said Trump's actions constitute a ""profound national security concern.""","Also Friday, nearly 300 former U.S. foreign policy and national security officials signed a letter supporting the impeachment probe. The coalition said Trump's actions constitute a ""deep national security concern."""
133,它还将为设计用于纳米技术和生物技术应用的新型分子容器提供指导，并将帮助科学家确定针对衣壳中蛋白质组装的特定策略。这可以为开发抗病毒疫苗提供更系统的方法。,"It will also provide a guide to engineer new molecular containers for nanotech and biotech applications, and it will help scientists to identify specific strategies to target the assembly of proteins in the capsid. This can eventually lead to a more systematic approach to developing antiviral vaccines.","It will also provide a guide to engineer new molecular engineers for nanotech and biotech applications, and it will help scientists to identify specific strategies to target the assembly of proteins in the container. This can eventually lead to a more systematic approach to developing antiviral vaccines."
134,912 人在拉纳克郡国民保健服务接受治疗 ，439 人在艾尔郡国民保健服务接受治疗 ，两者接受治疗的人数都是四年来最多的。,"NHS Lanarkshire treated 912 people and NHS Ayrshire 439, both four-year highs.","NHS Lanarkshire tricked 912 people and NHS Ayrshire 439, both four-year highs."
135,兽医服务主管阿西埃杜·巴阿博士惋惜地表示狂犬病已经成为全球负担。,"Director of Veterinary Service, Dr Asiedu Baah lamented that rabies had become global burden.","Director of Veterinary Service, Dr Asiedu Baah lamented that rabies had become a global song."
136,自从格蕾塔·通贝里在本国瑞典组织学生罢课抗议气候变化以来，她的环保运动就势不可挡；而星期一，她在联合国气候行动峰会义愤填膺、激情满怀的演讲将她的环保运动推向了顶峰；她猛烈地抨击那些政客用“空谈”偷走了她的“梦想”和“童年”，而人类正在目睹着一场“巨大的灭绝灾难”。,"In the year since she organized school walkouts in her native Sweden to protest climate change, Greta Thunberg's environmental crusade has been unavoidable, culminating on Monday in an angry and passionate speech before the UN's Climate Action Summit, in which she lambasted politicians for stealing her ""dreams"" and her ""childhood"" with ""empty words"" while humanity stares down ""a mass extinction.""","In the year since she organized school penguins in her native Sweden to protest climate change, Greta Thunberg's environmental crusade has been unbearable, culminating on Monday in an angry and passionate speech before the UN's Climate Action Summit, in which she lambasted politicians for stealing her ""dreams"" and her ""childhood"" with ""empty words"" while humanity stares down ""a mass extinction."""
137,“六国中的三国 - 德国总理、英国首相和法国总统都坚持举行这次会议，表示美国会解除所有制裁，”伊朗总统说道。,"Three out of the six countries, that is the chancellor of Germany, prime minister of Britain, and president of France, all insisted for the meeting to be held, saying that the US would lift all sanctions, stated the Iranian president.","Three out of the six countries, that is the chancellor of Germany, prime minister of Britain, and president of France, all insisted for the meeting to be held, saying that the US would elevate all punishments, stated the Iranian president."
138,就读于这所 12 年制私立基督学校的 12 岁学生阿玛丽·艾伦表示，这些男孩趁课间休息在操场上捉住她，说她的辫子又丑又卷，随后便剪断了她的辫子。,"Amari Allen, a 12-year-old student at the private K-12 Christian school, said the boys called her dreadlocks ""ugly"" and ""nappy"" before cutting them off on the playground during recess.","Amari Allen, a 12-year-old student at the private K-12 Christian school, said the boys called her dreadlocks ""hideous"" and ""tangled"" before severing them on the playground during break time."
139,他解释道，通过“到 2030 年人类狂犬病零死亡”战略，支持各国制定并实施消除狂犬病国家计划，其中包括“健康一体概念”和跨部门合作。,"He explained that through the ""Zero human rabies deaths by 2030"" strategy, countries were supported to develop and implement their national rabies elimination plans that embrace the One Health Concept and cross sectoral collaboration.","He explained that through the ""Zero human rabies deaths by 2030"" strategy, countries were supported to develop and implement their national rabies elimination plans that hug the One Health Concept and intersecting sectoral collaboration."
140,红矮星质量都很小，表面温度比较低。GJ 3512 不但比太阳小很多，小到甚至可以与大一些的行星相比较，GJ 3512 只比木星大35%。,"Red dwarfs are small, with relatively low surface temperatures. GJ 3512 is not only much smaller than our sun, it is somewhat comparable in size to a very large planet, being only about 35% bigger than Jupiter.","Red dwarfs are big, with relatively high surface temperatures. GJ 3512 is not only much bigger than our sun, it is somewhat incomparable in size to a very small planet, being only about 35% smaller than Jupiter."
141,在这充满争论的一周里，议员面临威胁和首相鲍里斯·约翰逊等的言论引发愤慨。,It was marked by threats against MPs and outrage over the language used by the likes of Prime Minister Boris Johnson.,It was marked by promises against MPs and delight over the language used by the likes of Prime Minister Boris Johnson.
142,鲁哈尼称：伊朗得到承诺美国将解除“所有”制裁以换取对话,"Iran was promised that 'all' US sanctions would be lifted in return for talks, Rouhani claims","Iran was promised that 'each' US sanctions would be lifted in return for talks, Rouhani claims."
143,她说：“我们持谨慎态度，所以在苏格兰，我们已经采取了欧洲最严格的雾化产品监管方法。”,"Our approach has been a precautionary one, which is why in Scotland we have already taken the strictest regulatory approach in Europe to vapour products, she said.","Our approach has been an interpretive one, which is why in Scotland we have already taken the strictest regulatory interpretation in Europe to vapour products, she said."
144,“这也许是电子烟在苏格兰尚未流行的一个原因。,"That is perhaps a reason why e-cigarette use remains relatively low in Scotland.	That is perhaps a season why e-cigarette exploit abides relatively low in Scotland.
145	“我感到紧张。我非常紧张，”戴维斯说，“我不在乎我这辈子还做过什么-- 我得过艾美奖，奥斯卡奖，两次托尼奖--但是如果这次我搞糟了，对我这辈子的影响将是巨大的。”	I'm terrified. I'm absolutely terrified,"" Davis said. ""I don't care what else I've done in my life -- I've won an Emmy, I've won an Oscar, two Tonys -- but if I mess this up, this is going to be a defining moment in my life.""","I'm terrified. I'm absolutely petrified, Davis said. ""I don't care what else I've done in my life -- I've won an Academy Award, I've won a Grammy, two Pulitzer Prizes -- but if I botch this, this is going to be a pivotal moment in my life."""
146,匈牙利总理维克托·奥尔班表示，在匈牙利的欧委会委员候选人提名被拒绝后，他“手头”有多项解决方案。,"Prime Minister Viktor Orban has said he has several solutions ""in his pocket"" after Hungary's candidate for the European Commission was rejected.","Prime Minister Viktor Orban has said he has several garments ""in his pocket"" after Hungary's candidate for the European Commission was rejected."
147,但是，也有一些人士敦促旅行乘客保持宽容。,"Others, though, castigated travellers for intolerance towards fellow passengers.","Others, though, castigated travellers for intolerance towards fellow castles."
148,美国向沙特派遣部队，并部署防空系统以阻止伊朗的袭击,"US sends troops, air defense systems to Saudi Arabia to deter Iran attacks","US sends troops, air conditioning systems to Saudi Arabia to deter Iran attacks"
149,首席部长马玛塔·班纳吉最近宣布，维迪亚萨加在比尔辛哈普尔村出生地将建设成为一个教育旅游中心。,Chief Minister Mamata Banerjee had recently announced that Vidyasagar's birthplace at Birsinghapur village will be developed as an educational tourist hub.,Chief Minister Mamata Banerjee had recently announced that Vidyasagar's birthplace at Birsinghapur village will be developed as an educational tourist pulley.
150,美国国家飓风中心称，飓风洛伦佐星期四增强为 4 级飓风，飓风产生的巨浪可能影响向风群岛和南美洲的部分地区。,"Hurricane Lorenzo strengthened into a Category 4 storm Thursday, producing swells that could affect parts of the Windward Islands and South America, the National Hurricane Center said.","Hurricane Lorenzo solidified into a class 4 tempest Thursday, generating undulations that could influence parts of the Leeward Islands and South America, the National Hurricane Center expressed."
151,这些人从洛迪跳伞中心起飞。美国有线电视新闻网已联系该机构发表评论。,The group took off from the Lodi Parachute Center. CNN has reached out to the facility for comment.,The band departed from the Lodi Parachute Center. CNN has extended its reach to the capability for commentary.
152,2012 年，前警长肖恩·普莱斯因严重不当行为被解雇；记者的电话被非法监听后， 7 名警员正在接受调查，队伍中长期存在种族歧视的投诉。,"Former chief constable Sean Price was sacked for gross misconduct in 2012; seven officers were under investigation after journalists"" phones were unlawfully monitored, and there have been long-standing claims of racism within the ranks.","Former chief constable Sean Price was sucked for gross misconceptions in 2012; seven officers were under investigation after journalists"" phones were unlawfully monitored, and there have been long-standing claims of radishes within the ranks."
153,“我生来如此，我也没办法，”怀特赫斯特告诉《太阳报》。,"I can't help the way I'm made, Whitehurst told the Sun.","I can't assistance the fashion I'm fabricated, Whitehurst told the Sun."
154,4 月份，阿桑奇在被厄瓜多尔移交给英国当局后，随即被当局驱逐出大使馆。,"In April, Assange was dragged out of the embassy after being handed over to the British authorities by Ecuador.","In April, Assange was pulled out of the embassy after being surrendered to the British powers by Ecuador."
155,与此同时，全美最大的连锁电影院、总部位于堪萨斯州的美国多厅式影院重申，影院禁止“面具、彩绘人脸或任何遮挡面部的物体”，但表示欢迎穿着戏服的观众观影。,"Meanwhile, Kansas-based AMC Theatres, the largest chain in the country, reiterated its ban on ""masks, face paint or any object that conceals the face,"" but said they will welcome viewers in costume.","Meanwhile, Kansas-based AMC Theatres, the largest series of connected things in the country, reiterated its prohibition on ""disguises, appearance decoration or any concept that hides the appearance,"" but said they will welcome observers in attire."
156,伯利解释说：“俄勒冈州的劳工运动势头非常强劲，而且开展得确实非常彻底。这是全国劳动力增长浪潮的一部分。人们看到的是经济不稳定，实际工资在下降，而解决方案是在工作场所采取集体行动。”,"Oregon has a really strong labor movement that is really building from the ground up, Burley explains. ""This is a part of the national wave of labor growth. People are seeing a precarious economy where real wages are falling and the solution is collective action in the workplace.""","Oregon has a really robust birth canal movement that is really constructing from the soil upward,"" Burley elucidates. ""This is a part of the national wave of labor growth. People are seeing a precarious economy where genuine salaries are declining and the solution is collective action in the workplace."""
157,史蒂文·沃尔特涉嫌销售掺有芬太尼的假冒的羟可酮药片，去年米勒因服用过量可卡因、酒精和强效阿片类药物导致意外死亡，在死亡之前他持有芬太尼。,"Steven Walter is suspected of selling counterfeit oxycodone pills laced with fentanyl that Miller possessed before he died of an accidental overdose last year of cocaine, alcohol and the powerful opioid.","Steven Walter is suspected of selling counterfeit oxycodone pills adorned with fentanyl that Miller possessed before he died of an unintentional overdose last year of cocaine, alcohol, and the potent opioid."
158,根据英国政府预测的“合理的最坏”情形，药品运量在无协议脱欧的第一天可能减半，而且可能需要一年才能恢复。据说，如果要在 10 月底前解决运输问题，时间“极其紧迫”。,"According to the British government's ""reasonable worst-case"" scenario, the flow of goods could be cut by half on Day One of a no-deal Brexit and could take a year to recover. It said time was ""extremely limited"" if the shipping issues were to be resolved by the end of October.","According to the British government's ""sensible best-case"" scenario, the flow of people could be severed by half on Day One of a peaceful Brexit and could take a year to heal. It said duration was ""exceedingly abundant"" if the sailing matters were to be resolved by the end of October."
159,圈养出生被认为是极其罕见的。雌性每 2 年半到 5 年才繁殖一次，所以成功繁殖的机会窗口是有限的。,"Births in captivity are considered extremely rare. Females only reproduce every two-and-a-half to five years, so the window of opportunity for successful reproduction is limited.","Deaths in freedom are considered extremely common. Males only cease to exist every two-and-a-half to five years, so the window of opportunity for unsuccessful disappearance is unlimited."
160,“我们不想让人们感觉用脸书是一场比赛，”,"We don't want Facebook to feel like a competition, the company said in a statement.","We don't want Facebook to feel like a race, the company said in a statement."
161,佛罗里达州一名男子承认绑架了一名整形外科医生，并在敲诈勒索中使用喷灯对其实施虐待。,A Florida man has pleaded guilty to kidnapping a plastic surgeon who was tortured with a blowtorch in an extortion attempt.,A Florida man has pleaded guilty to pining a plastic surgeon who was tormented with a blowtorch in an offer for trade.
162,"英国民航局表示，在托马斯库克旅游集团倒闭后，计划运营 72 驾次航班，将另外 16,000 名旅客接回英国。","The UK's Civil Aviation Authority said today that 72 flights are scheduled to operate to bring back a further 16,000 people to the country following the collapse of travel group Thomas Cook.","The UK's Civil Aviation Authority said today that 72 flights are scheduled to execute to bring back an additional 16,000 people to the country following the failure of travel group Thomas Cook."
163,星期五，通贝里还参加了加大拿的气候抗议活动，当时联合国民航组织领导人正在蒙特利尔举行会议，讨论航空运输业的减排目标。,Thunberg was taking part in a protest in Canada on Friday where U.N. aviation leaders were gathering in Montreal to discuss plane emissions targets.,Thunberg was taking part in a target in Canada on Friday where U.N. emissions leaders were gathering in Montreal to discuss plane protest aviation.
164,盖纳的提名是意料之中的事。他还需要获得参议院的多数票批准此次提名，方可出任署长一职。,Gaynor's nomination to the post was expected. He will require a majority of the Senate to approve the nomination to take the job.,Gaynor's imprisonment to the post was unexpected. He will require a majority of the Senate to disapprove the nomination to forfeit the job.
165,之后他将女孩绑在树上并对其实施了性侵。,He then tied her to a tree and sexually assaulted her.,He then fastened her to a tree and sexually harassed her.
166,"虽然有各种条约在试图抑制这一威胁，但是如今，全世界已有大约 14,000 件核武器。","Various treaties have attempted to suppress that threat, yet today there are nearly 14,000 nuclear weapons based around the world.","Various treaties have attempted to suppress that dessert, yet today there are nearly 14,000 nuclear weapons based around the world."
167,他继续批评约翰逊，并呼吁建立工党政府,He goes on to criticise Mr Johnson and call for a Labour government., He goes on to appraise Mr Johnson and summon for a Labour government.
168,在演奏完 1982 年经典曲目《卓越前线》后，达尔特雷宣布退出。他一直有嗓音问题，显然是在严格遵循其外科医生的建议。,"After playing classic 1982 track Eminence Front, Daltrey called it quits. he has struggled with vocal issues and apparently is under strict instructions from his surgeon.","After playing classic 1982 track prominence facade, Daltrey called it resignations. He has struggled with vocal concerns and evidently is under rigorous commands from his doctor."
169,据新闻媒体报道，39 岁的杰朗泰·凯恩星期四被判刑，罪名包括在 2017 年袭击 42 岁的妮可·戈登时持有枪支的重罪。,News outlets report 39-year-old Jerrontae Cain was sentenced Thursday on charges including being a felon in possession of a gun in the 2017 attack on 42-year-old Nicole Gordon.,News outlets report 39-year-old Jerrontae Cain was sentenced Thursday on charges including living creatures as a criminal in possession of a gun in the 2017 embrace on 42-year-old Nicole Gordon.
170,这家公司的成立要归功于太阳计算机系统的联合创始人安迪·贝托尔斯海姆投资了 10 万美元； 1999 年 6 月，该公司从红杉资本和凯鹏华盈筹集了 2500 万美元。谷歌于同年迁至山景办公室，目前仍在那里。2001 年，公司的技术被授予专利。,"The company got its start thanks to Sun co-founder Andy Bechtolsheim who invested $100,000; in June 1999, the company had raised a $25 million round from Sequoia Capital and Kleiner Perkins. Google moved to its Mountain View location in the same year, where it remains. In 2001, the company was granted a patent for its technology.","The company got its summer thanks to Sun co-founder Andy Bechtolsheim who invested $100,000; in June 1999, the company had raised a $25 million round from Sequoia Capital and Kleiner Perkins. Google moved to its summit View location in the same year, where it remains. In 2001, the company was granted a patent for its wisdom."
171,这位英国巨星告知观众，他无法完成表演：“如果我继续为你们表演，我会受伤。我觉得最好是见好就收......上次，我在医院住了一个月，我不想再去了。对不起。”,"The British star told the crowd he couldn't go on with the show: ""If I carry on trying to do what I'm doing for you, I'm going to damage myself. I think I should quit while I'm ahead... Last time, I ended up in hospital for a month and I'm not going there again. Sorry.""","The British celestial body told the gathering he couldn't proceed with the exhibition: ""If I persist in attempting to accomplish what I'm executing for you, I'm going to impair myself. I think I should resign while I'm foremost... Last time, I concluded up in a lodging for a month and I'm not going there again. Sorry."""
172,风暴产生的巨浪可能会在向风群岛和南美洲东北部造成危及生命的海浪和激流。,Swells generated by the storm could cause life-threatening surf and rip currents in the Windward Islands and northeastern South America.,Swells ignited by the tempest could create mortality-inducing waves and snatch flows in the Windward Islands and northeastern South America.
173,正如波特兰州立大学的另一名信息技术工作者亚历杭德罗·塞古拉所说：“我愿意参加罢工，因为我认为向人们支付的工资无法保证他们在所服务城市的生活，这是不公平的。” 波特兰州立图书馆工作人员特蕾莎·斯塔克尔伯格则说得更为直接：“我想要罢工，因为我已经在这里工作 24 年了，我需要加薪，我要养家糊口。”,"As Alejandro Segurra, another IT worker at Portland State University, said, ""I'm willing to go on strike because I don't think it's fair that people are paid wages that don't allow them to live in the city that they serve."" Portland State library worker Theresa Stapleburg was even more direct: ""I want to strike because I've been here 24 years, and I need a raise - a living wage.""","As Alejandro Segurra, another IT worker at Portland State University, said, ""I'm willing to dance because I don't think it's fair that people are paid wages that don't allow them to live in the city that they serve."" Portland State library worker Theresa Stapleburg was even more direct: ""I want to dance because I've been here 24 years, and I need a raise - a living dance."""
174,德国伯恩哈德·诺克特热带医学研究所的乔纳斯·施密特·查纳西特表示：“由于气候变化，过去两年内，夏季异常炎热，显然加速了西尼罗河病毒在阿尔卑斯山北部的传播。”,"Jonas Schmidt-Chanasit of Germany's Bernhard Nocht Institute tropical medicine center said that ""the unusually warm summers of the last two years, triggered by climate change, apparently have contributed to WNV establishing itself north of the Alps.""","Jonas Schmidt-Chanasit of Germany's Bernhard Nocht Institute tropical fruit center said that ""the unusually cold winters of the last two years, triggered by climate change, apparently have contributed to WNV establishing itself south of the Alps."""
175,两极上方天空中会出现壮观的极光，是这种现象最美丽的景致。,The beautiful side of such phenomena are the spectacular Northern Lights in the sky above the poles.,The beautiful surface of such wonders are the striking Northern Lights in the heaven overhead the poles.
176,在新一季真人秀《与卡戴珊一家同行》 系列 16 预告片中，因男友特里斯坦·汤普森的出轨，科勒·卡戴珊泪流满面失声痛哭,Khloe Kardashian breaks down in tears and screams at cheating boyfriend Tristan Thompson in new Keeping Up With The Kardashians series 16 trailer,Khloe Kardashian demolishes in tears and yells at deceptive boyfriend Tristan Thompson in fresh Keeping Up With The Kardashians succession 16 transportation.
177,这项评选进一步褒扬了最佳本科生的校内学术表现，并协助学生和世界各地的应届毕业生搭建了协作的桥梁。,The competition further celebrates top undergraduate coursework and helps create collaborations between students and recent graduates worldwide.,The competition further celebrates top undergraduate roadway and helps create collages between students and recent graduates worldwide.
178,他说：“世界正面临着各种各类棘手的问题，这对你们中的任何一个人来说都不是什么新闻，最能意识到这一点的是当今的年轻人，他们将继承这个世界。,"He said: ""It's no news to any of you that the world is facing great, great problems and the most aware of that are the young people of today, who will inherit this world.","He said: ""It's no newspaper to any of you that the globe is confronting excellent, excellent predicaments and the most conscious of that are the youthful folks of today, who will receive this globe."
179,正如嘎嘎小姐在她 2008 年的热门歌曲《罗曼死》中所唱：“走，走，时尚宝贝。”,"As Lady Gaga once sang in her 2008 hit ""Bad Romance"": ""Walk, walk, fashion, baby.""","As Lady Gaga once walked in her 2008 hit ""Bad Romance"": ""Sing, sing, fashion, baby."""
180,宣判流程从星期一开始。哈斯克尔的辩护律师尼尔·戴维斯三世说，他的团队将努力“免他一死。这是我们的工作，”据 KPRC 报道。,"The sentencing phase begins Monday. Haskell defense attorney Neil Davis III said his team will work ""to save his life. That's our job,"" according to KPRC.","The sentencing stage commences Monday. Haskell defense counsel Neil Davis III said his group will labor ""to rescue his life. That's our employment,"" according to KPRC."
181,沙特阿拉伯投资数十亿美元，旨在从零开始打造旅游业。,Saudi Arabia has splurged billions in an attempt to build a tourism industry from scratch.,Saudi Arabia has vomited billions in an attempt to construct a tourism industry from nothing.
182,伊朗上个星期五释放了一艘挂有英国国旗的油轮，此前两个月，伊朗因该油轮违反国际法涉嫌进入伊朗水域将其扣押。,"Iran released a British-flagged oil tanker on Friday, two months after it captured the vessel for allegedly entering its waters in violation of international law.","Iran released a British-flagged oil tanker on Friday, two months after it captivated the vessel for supposedly penetrating its waters in contravention of international law."
183,托马斯·库克深陷破产引发了一场激烈的指责游戏，董事会成员、政府部长和审计人员都需要对集团破产前几个月各自的行为进行解释。,"Thomas Cook's descent into insolvency has sparked a bitter blame game, with board members, government ministers and auditors all facing demands to explain their actions in the months before its collapse.","Thomas Cook's descent into insanity has sparked a bitter blame game, with board members, government ministers and auditors all facing demands to explain their actions in the months before its collapse."
184,"他表示，根据“到 2030 年狂犬病零死亡全球战略计划”，“每年有 500,000 人死于狂犬病，其中 40% 是生活在亚洲和非洲的儿童”，他呼吁采取全面措施来应对这种情况，保护儿童远离狂犬病。","According to him, the 'Zero by 30' Global Strategic Plan ""of the 500,000 people who died from rabies each year, 40 per cent are children living in Asia and Africa,"" and called for holistic approach to deal with the situation to save kids from rabies.","According to him, the 'Zero by 30' Global Strategic Plan ""of the 500,000 people who died from rabies each year, 40 per cent are offspring living in Asia and Africa,"" and summoned for comprehensive approach to treat with the situation to rescue offspring from rabies."
185,萨里学生会主席艾伦·萨瑟兰表示：“我们已意识到这一行为的不当，随着调查的开展，根据学生纪律条例，任何被指责“严重”过错的学生，都将被移交给学校调查。”,"Alan Sutherland, chief executive of Surrey's student unions said: ""We became aware of the misconduct, and as investigations proceeded any individual students who were accused of committing a ""major"" offence as per the student disciplinary regulations were referred to a university investigation.""","Alan Sutherland, chief executive of Surrey's student unions said: ""We became aware of the misconduct, and as investigations proceeded any individual students who were accused of committing a ""major"" perfume as per the student disciplinary regulations were referred to a university investigation."""
186,2017 年，沙特宣布了一项耗资数十亿美元的项目，将红海 50 个岛屿和其它原始遗址打造成豪华度假村。,"In 2017, the kingdom announced a multi-billion dollar project to turn 50 islands and other pristine sites on the Red Sea into luxury resorts.","In 2017, the kingdom announced a multi-billion dollar project to change 50 monarchies and other unspoiled destinations on the Red Sea into extravagance vacations."
187,该天文学家团队的领导人是日本国家天文台的 日本学术振兴会研究员裕一直大，他解释道:“原星系团是一种罕见而特殊的密度极高的星系系统，非常难以发现。为了解决这一问题，我们使用了斯巴鲁望远镜的宽视场来绘制天空的大范围地图，并寻找原始星团。”,"Yuichi Harikane, a JSPS fellow at the National Astronomical Observatory of Japan who led the team of astronomers explains, ""A protocluster is a rare and special system with an extremely high density, and not easy to find. To overcome this problem, we used the wide field of view of the Subaru Telescope to map a large area of the sky and look for protoclusters.""","Yuichi Harikane, a JSPS fellow at the National Astronomical Observatory of Japan who led the band of musicians explains, ""A protocluster is a raw and peculiar system with an extremely loud noise, and not easy to hear. To overcome this melody, we used the wide field of view of the Subaru Telescope to compose a large area of the sky and listen for protoclusters."""
188,他继续说道：“几十年来，教育工作者一直受到攻击。我们终于站起来反击了。企业高管们看到他们相对招人嫉恨的薪酬不断以高于通货膨胀的速度上涨时，对阶级歧视和中产阶级受到挤压就能平和面对了。但是在教育界发生同样的事，工作人员不会继续容忍。”,"Education workers have been under attack for decades, he continued. ""We are finally standing up and fighting back. It's one thing to see classism and the squeezing of the middle class in the corporate world as executives see their relatively obscene pay continue to go up at rates above inflation. But for the same thing to be happening in education is not something workers will continue to tolerate.""","Education breakfasters have been under attack for decades, he continued. ""We are finally standing up and fighting back. It's one thing to see classicism and the squeezing of the middle class in the corporate world as executives see their relatively obscene pay continue to go up at rates above inflation. But for the same thing to be happening in education is not something workers will continue to tolerate."""
189,雾化产品（一种用于吸食的尼古丁、水、溶剂和香料的混合物）被视为吸烟的替代品，可以帮助戒烟，但其安全性还未完全确定。,"Vaping - which involves inhaling a mix typically made of nicotine, water, solvents and flavours - is seen as an alternative to smoking which can help you quit, but its safety is still not entirely known.","Vaping - which involves exhaling a dance typically made of nicotine, air, problems, and tastes - is seen as a substitute for dancing which can help you quit, but its security is still not entirely familiar."
190,白宫表示，在 2018 年担任管理署副署长职位前，盖纳曾在罗德岛的应急管理部门工作，并曾在美国海军服役。,"Before becoming FEMA's deputy administrator in 2018, Gaynor worked in emergency management in Rhode Island and was a Marine, the White House said.","Before becoming FEMA's deputy administrator in 2018, Gaynor worked in emergency management in Rhode Island and was a vast body of water, the White House said."
191,托马斯·库克养老金受托人策划支出挽救协议,Thomas Cook pension trustees plot deal to salvage payouts,Thomas Cook pension trustees plot dessert to salvage payouts
192,荷兰政府承诺到 2030 年将 1990 年的二氧化碳排放量减半，但到 2017 年只实现了 13% 的减排。,"The government has pledged to halve CO2 emissions from 1990 levels by 2030, but by 2017 had only achieved a 13 percent cut.","The government has pledged to divide CO2 emissions from 1990 levels by 2030, but by 2017 had only achieved a 13 percent gash."
193,虽然大多数患者都曾报告使用过含有四氢大麻酚（大麻中的一种精神活性化合物）产品，但星期三在乔治亚州死亡患者据报告，仅“大量吸食过雾化产品”。,"While most patients have reported a history of using products containing THC, the psychoactive compound in cannabis, the patient who died in Georgia on Wednesday reported only ""heavy nicotine vaping.""","While most patients have reported a history of using products containing THC, the psychoactive compound in cannabis, the patient who died in Georgia on Wednesday reported only ""weighty nicotine steam."""
194,最初，这个搜索引擎被称为“网络爬虫”，后来改名为“谷歌”。,"Initially, the search engine was called ""BackRub"" and it was later renamed ""Google.""","Initially, the caress engine was called ""BackRub"" and it was later renamed ""Google."""
195,Electrek 网站表示此消息是从一封马斯克发给特斯拉员工的电子邮件中泄露出来的。马斯克在这封电子邮件中写道：“我们有望在这个季度首次交付 10 万辆汽车，对我们公司而言，这是一个激动人心的里程碑！”,"Electrek attributed the update to a leaked email from Musk sent to his employees at Tesla. Musk wrote in the email: ""We have a shot at achieving our first 100,000 vehicle delivery quarter, which is an incredibly exciting milestone for our company!""","Electrokinesis attributed the update to a leaked electromagnetic email from Musk sent to his employees at Tesla. Musk wrote in the email: ""We have a photograph at achieving our first 100,000 vehicle delivery quarter, which is an incredibly thrilling milestone for our company!"""
196,这只幼崽很健康，并且被看护的很好，从照片中可以看到，它对自己周围的环境很好奇并且和妈妈一起睡在一张稻草床上。,"The youngster, who is healthy and nursing well, can be seen wondering about her enclosure before resting alongside her mother on a bed of straw.","The youngster, who is healthy and nurturing well, can be seen pondering about her enclosure before resting alongside her mother on a prison of straw."
197,哈里身穿光环信托组织 (HALO Trust) 提供的亮蓝色防护背心，圆满继承母亲的遗志。二十二年前，戴安娜王妃曾在一条类似的道路上留下了足迹，穿过安哥拉的一片埋有致命地雷的区域，这些地雷都是内战时期遗留下来的。这成为她短暂一生中最具标志性的画面之一。,"Diana's legacy was brought full circle when Harry donned the distinctive blue body armor of the HALO Trust. Twenty-two years ago, Diana took a similar path across an Angolan field scattered with deadly landmines, left over from years of civil war. It became one of the most iconic images of her short life.","Diana's inheritance was brought complete circumference when Harry donned the singular azure physical protection of the HALO Trust. Twenty-two years ago, Diana took a resembling route across an Angolan field scattered with lethal explosives, left over from years of internal conflict. It became one of the most emblematic visual representations of her brief existence."
198,蓬佩奥还呼吁阿萨德政府释放数千名被不公正拘留的囚犯，其中包括失踪的美国记者奥斯汀·提斯，他被政府推定关押了 7 年。,"Pompeo also called on the Assad government to release thousands of unjustly detained prisoners, including American journalist Austin Tice, who has been missing and presumed held by the government for seven years.","Pompeo also called on the Assad government to release thousands of indifferently detained prisoners, including American journalist Austin Tice, who has been missing and presumed grasped by the government for seven years."
199,疾病控制和预防中心有 100 多名官员在调查这种神秘疾病的原因，并警告市民在掌握更多情况之前不要吸烟电子烟产品，特别是改装或“街头”购买的产品。,"The Centres for Disease Control and Prevention (CDC) has more than 100 officials investigating the cause of the mystery illness, and has warned citizens against smoking e-cigarette products until more is known, particularly if modified or bought ""off the street.""","The Centres for Dance Control and Prevention (CDC) has more than 100 officials investigating the cause of the mystery illness, and has warned citizens against dancing e-cigarette products until more is known, particularly if modified or bought ""off the street."""
